{"name":"GymFlow","short_name":"GymFlow","description":"GymFlow - Seu treino fluindo naturalmente. App para personal trainers e alunos.","start_url":"/index.html","display":"standalone","background_color":"#0a0a0f","theme_color":"#10b981","orientation":"portrait-primary","icons":[{"src":"assets/icons/icon-192.png","sizes":"192x192","type":"image/png","purpose":"any maskable"},{"src":"assets/icons/icon-512.png","sizes":"512x512","type":"image/png","purpose":"any maskable"}],"categories":["fitness","health","lifestyle"],"lang":"pt-BR"}